{
    "utterances": [
        {
            "text": "Accio",
            "entities": [
                {
                    "entity": "Accio:Accio",
                    "start": 0,
                    "end": 5,
                    "body": "Accio",
                    "entities": []
                }
            ],
            "traits": [],
            "intent": "Project_Orculis_MagicSpell"
        },
        {
            "text": "INCENDIOOOOO",
            "entities": [],
            "traits": []
        },
        {
            "text": "Incendio",
            "entities": [
                {
                    "entity": "Incendio:Incendio",
                    "start": 0,
                    "end": 8,
                    "body": "Incendio",
                    "entities": []
                }
            ],
            "traits": [],
            "intent": "Project_Orculis_MagicSpell"
        },
        {
            "text": "Infantio",
            "entities": [
                {
                    "entity": "Incendio:Incendio",
                    "start": 0,
                    "end": 8,
                    "body": "Infantio",
                    "entities": []
                }
            ],
            "traits": [],
            "intent": "Project_Orculis_MagicSpell"
        },
        {
            "text": "Repello",
            "entities": [
                {
                    "entity": "Repello:Repello",
                    "start": 0,
                    "end": 7,
                    "body": "Repello",
                    "entities": []
                }
            ],
            "traits": [],
            "intent": "Project_Orculis_MagicSpell"
        }
    ]
}
